id	lingala	partOfSpeech	english	new_category
a	a	pronoun	he	
alimeti	alimeti	noun	match	
ata	ata	adverb	even	
avril	avril	noun	april	
awa	awa	adverb	here	
ba	ba	pronoun	they	
bakisa	bakisa	verb	add	
bale	bale	noun	ball	
bamba	bamba	verb	repair	
bambola	bambola	verb	light	
banda	banda	verb	begin	
bandema	bandema	verb	stick to	
banga	banga	verb	be afraid	
bango	bango	pronoun	them	
bansantu	bansantu	noun	saints	
pron	baoyo	pronoun	those (people)	
barza	barza	noun	veranda	
batiri	batiri	noun	battery	
batisimu	batisimu	noun	baptism	
bato	bato	pronoun	everybody	
baye	baye	adjective	/pron. these	
beba	beba	verb	curse	
beka	beka	verb	borrow	
belabele	bela/bele	verb	be ill	
benda	benda	verb	pull	
benga	benga	verb	call	
besu	besu	adjective	raw	
bete	bete	verb	swim	
betebeta	bete/beta	verb	beat	
bi-prefix	bi	particle	bi- (noun class prefix, plural of li-)	
bikisa	bikisa	verb	save	
luggage	bilei ya midi	noun	lunch	
biliki	biliki	noun	desert	
bilo	bilo	noun	office	
biloko	biloko	noun	baggage	
luck	biloko	noun	luggage / belongings	
bima	bima	verb	go out	
bina	bina	verb	dance	
bino	bino	pronoun	you	
birika	birika	noun	kettle	
bisika	bisika	adverb	everywhere	
bisikabinso	bisika binso	noun	everywhere	
bisikiti	bisikiti	noun	biscuit	
biso	biso	pronoun	us	
bitabi	bitabi	noun	plantains	
bitumba	bitumba	noun	fight / battle / conflict / war	
bitumba-mpamba	bitumba mpamba	noun	mindless street violence / pointless brawling	
bitumba-zoba	bitumba zoba	noun	stupid street fight / pointless brawl (slang)	
biye	biye	noun	bill	
ble	ble	noun	wheat	
bo	bo	pronoun	you	
bobandu	bobandu	noun	humidity	
bobangi	bobangi	noun	shyness	
boboto	boboto	noun	peace	
boeta	boeta	noun	waterfall	
bokamwi	bokamwi	noun	surprise	
bokei	bokei	noun	departure	
bokenzu	bokenzu	adjective	spicy	
bokeseni	bokeseni	noun	difference	
bokila	bokila	noun	hunting	
bokilo	bokilo	noun	brother-in-law	
bokilomobali	bokilo mobali	noun	father-in-law	
bokolongono	bokolongono	noun	health	
bokono	bokono	noun	disease	
bokumisi	bokumisi	noun	worship	
bolai	bolai	noun	height	
bolamu	bolamu	noun	good luck	
bolangiti	bolangiti	noun	blanket	
bolenge	bolenge	noun	youth	
bolimbisi	bolimbisi	noun	excuse	
boloko	boloko	noun	prison / jail / cell	
bololo	bololo	noun	bitterness	
bolozi	bolozi	noun	pain	
bolumbu	bolumbu	noun	nakedness	
boma	boma	verb	kill	
bomba	bomba	verb	hide	
bombana	bombana	verb	hide oneself	
bondela	bondela	verb	ask for	
bondo	bondo	verb	calm	
bondoki	bondoki	noun	gun	
bondoki	bondoki	noun	gun / rifle / firearm	
bonga	bonga	verb	be suitable	
bongisa	bongisa	verb	arrange	
bongo	bongo	noun	brain	
bongola	bongola	verb	change	
boni	boni	adverb	how	
bopela	bopela	adjective	famous	
bopemi	bopemi	noun	repose	
bopolisi	bopolisi	noun	the police / law enforcement	
boponi	boponi	noun	choice	
bosambelelo	bosambelelo	noun	shrine	
bosana	bosana	verb	forget	
boselu	boselu	adjective	slippery	
boso	boso	noun	front / before (informal short form of liboso)	
bosolo	bosolo	noun	truth	
bosoto	bosoto	adjective	dirty	
bota	bota	verb	give birth	
botali	botali	noun	tourism	
botendi	botendi	noun	sculpture	
botolo	botolo	verb	undress	
tonga	botondi	verb	thanks (noun)	
botte	botte	noun	boot	
boya	boya	verb	refuse	
boyambi	boyambi	noun	faith	
boyebongo	boye/bongo	adverb	thus	
boyebisi	boyebisi	noun	notice	
boyei	boyei	noun	arrival	
boyibi	boyibi	noun	theft	
bozindo	bozindo	adjective	deep	
bozito	bozito	noun	weight	
bozoba	bozoba	noun	ignorance	
buka	buka	verb	break	
buku	buku	noun	book	
bule	bule	adjective	blue	
bulo	bulo	adjective	blue	
bunabunda	buna/bunda	verb	fight	
bunga	bunga	verb	lose	
bunola	bunola	verb	reduce	
busi	busi	noun	thread	
buta	buta	verb	climb	
butiki	butiki	noun	store	
buto	buto	noun	button	
buzi	buzi	noun	candle	
bwaka	bwaka	verb	throw	
bwanya	bwanya	noun	wisdom / intelligence	
byanga	byanga	verb	invite	
chicot	chicot	noun	whip / lash / cane	
defa	defa	verb	borrow	
dendon	dendon	noun	turkey	
desembere	desembere	noun	december	
zala	diabolo / satana	verb	devil (variant)	
diaman	diaman	noun	diamond	
douane	douane	noun	customs	
e	e	pronoun	it	
ebandeli	ebandeli	noun	beginning	
ebe	ebe	adjective	ugly	
ebele	ebele	adjective	many	
lose	ebele	verb	lot / many	
likindo	ebele ya bato	noun	crowd	
ebembe	ebembe	noun	corpse	
ebende-iron	ebende	noun	iron / metal / steel	
kwivre	ebende ya motane	noun	copper	
ebenga	ebenga	noun	pigeon	
ebimelo	ebimelo	noun	exit / way out	
ebolo-moto	ebolo moto	noun	dumb beast / structural idiot (vulgar insult)	
ebonga	ebonga	noun	stool	
ebuneli	ebuneli	noun	weapon	
ebuteli	ebuteli	noun	ladder	
efelo	efelo	noun	wall	
ekbelakbela	ekbelakbela	noun	accident	
ekbele	ekbele	noun	low-tier prostitute (vulgar slur)	
ekeke	ekeke	noun	yam	
ekeke-dummy	ekeke	noun	dummy / simpleton (slang)	
ekeko	ekeko	noun	monument	
ekembe	ekembe	noun	musical instrument	
ekeseni	ekeseni	adjective	different	
ekoki	ekoki	adjective	enough	
ekolo	ekolo	noun	basket	
ekolo	ekolo	noun	tribe / nation / ethnicity	
ekomeli	ekomeli	noun	pen	
ekomo	ekomo	noun	bracelet	
ekotelo	ekotelo	noun	entrance / way in	
ekoto	ekoto	noun	shoe	
polte	ekuke	noun	door	
ekumbaki	ekumbaki	noun	storm	
ekutu	ekutu	noun	pumpkin	
ekwae	ekwae	noun	partridge	
elaka	elaka	noun	date	
elalelo	elalelo	noun	bedroom	
elamba	elamba	noun	cloth	
elanga	elanga	noun	farm	
eleki	eleki	adjective	past	
elekimalamu	eleki malamu	adjective	better	
eleko	eleko	noun	age	
elekoya	eleko ya	preposition	during	
elema	elema	adjective	mad	
elenge	elenge	noun	boy	
elengi	elengi	adjective	good taste	
elikia	elikia	noun	hope / expectation	
elikiaelikya	elikia/elikya	noun	hope	
elikya	elikya	noun	hope	
elili	elili	noun	shadow	
elimo	elimo	noun	spirit	
eloko	eloko	noun	thing	
eloli	eloli	noun	sunset	
elongi-kuku	elongi kuku	noun	soot-face / ugly face (insult)	
elongi-potopoto	elongi potopoto	noun	muddy face / trash look (slur)	
elozi	elozi	adjective	/n. west	
ema	ema	noun	tent	
engambe	engambe	adjective	tall	
engomeli	engomeli	noun	iron	
engondo	engondo	noun	eagle	
engwongolo	engwongolo	noun	drum / large metal canister	
enkoti	enkoti	noun	hat	
epotu	epotu	adjective	dirty	
esako	esako	noun	applause	
esaleli	esaleli	noun	tool	
esambelo	esambelo	noun	court	
esanga	esanga	noun	island	
esanzi	esanzi	noun	gasoline	
esapi	esapi	noun	yam	
esepelisi	esepelisi	adjective	interested	
esika	esika	noun	place	
esikaesusu	esika esusu	adverb	elsewhere	
esikamoko	esika moko	pronoun	same place / together	
live	esika ya kovanda	verb	living place / residence	
esobe	esobe	noun	meadow / savanna	
etalaka	etalaka	noun	bridge	
etanda	etanda	noun	bench	
etandaka	etandaka	noun	closet	
etando	etando	noun	board	
eteli	eteli	adjective	ripe	
eteni	eteni	noun	piece	
eteyelo	eteyelo	noun	school	
etoele	etoele	noun	plant	
etuka	etuka	noun	department	
etukaenene	etuka enene	noun	district	
etumba	etumba	noun	war	
etumbeli	etumbeli	noun	oven	
eyenga	eyenga	noun	festival	
eyindi	eyindi	verb	darken	
fanda	fanda	verb	live	
farasa	farasa	noun	horse	
febuari	febuari	noun	february	
febuary	febuary	noun	february	
fefele	fefele	noun	fever	
felo	felo	noun	iron	
ndulu	feti	noun	ceremony / party	
ngombi	feti ya miziki	noun	concert / music gathering	
fimbo	fimbo	noun	whip	
finga	finga	verb	insult	
fingo	fingo	noun	insult	
mosiyo	fisye	noun	file (document) / folder	
fololo	fololo	noun	match	
foti	foti	noun	mistake	
foto	foto	noun	picture	
frein	frein	noun	brake	
fufu	fufu	noun	fufu (cassava-dough staple)	
funga	funga	verb	close	
fungola	fungola	noun	open	
futa	futa	verb	pay	
futela	futela	verb	hire	
fuu-ideoph	fuu	ideophone	(ideophone) rushing wind / blowing hard	
gbagba	gbagba	noun	bridge	
glace	glace	noun	ice	
goigoi	goigoi	adjective	lazy	
goma	goma	verb	iron	
guga	guga	verb	rust	
iyo	iyo	adverb	yes	
ka	ka	conjunction	but	
kaba	kaba	verb	give	
kabinda	kabinda	noun	carpenter	
kabine	kabine	noun	toilet	
kabola	kabola	verb	divide	
kakao	kakao	noun	cocoa	
kakola	kakola	verb	bargain	
kala	kala	adverb	before	
kalakala	kalakala	adverb	formerly	
kalaki	kalaki	noun	clerk	
kalanga	kalanga	verb	fry	
kalati	kalati	noun	card	
kamata	kamata	verb	take	
kamela	kamela	noun	camel	
kamera	kamera	noun	camera	
kaminyo	kaminyo	noun	lorry	
lopitalo	kamio	noun	lorry / truck	
kamola	kamola	verb	twist	
kanda	kanda	noun	anger / wrath	
kanga	kanga	verb	close	
linga	kanga	verb	crab	
lingalolingato	kanga	noun	crab	
kanga-mbanga	kanga mbanga	verb	shut your trap! (rude command)	
kangola	kangola	verb	open	
kanisa	kanisa	verb	think	
kasa	kasa	adjective	fast / energetic	
kasi	kasi	conjunction	but	
kata	kata	verb	cut	
kate	kate	noun	coffee	
kati	kati	noun	center	
ntei	katikati / ntei	noun	half	
katini	katini	noun	bucket	
katisa	katisa	verb	cross	
kawa	kawa	noun	coffee	
kaye	kaye	noun	notebook	
kazaka	kazaka	noun	coat	
keba	keba	verb	take care	
kelasi	kelasi	noun	class	
kende	kende	verb	go	
kengele	kengele	verb	watch	
keusa	keusa	noun	silk	
kilobolobo	kilobolobo	adjective	slutty / promiscuous behavior (derogatory)	
kilobolobo-mabe	kilobolobo mabe	noun	extreme promiscuity / shameless behavior (slur)	
kima	kima	verb	run away	
kimia	kimia	noun	peace / tranquility	
liloba	kindoki	noun	witchcraft / magic	
sanola	kisanola / lisanola	verb	comb	
kiti	kiti	noun	chair	
love	kitoko mingi	noun	lovely / very beautiful	
motengoli	kiyungulu	adjective	lame person	
kizengi	kizengi	noun	retard / crazy person (insult)	
ko	ko	particle	to (infinitive prefix) / will (future marker)	
koba	koba	verb	to paint / to coat	
kobakisa	kobakisa	verb	add	
kobamba	kobamba	verb	fix	
kobanda	kobanda	verb	begin	
kobanga	kobanga	adjective	afraid	
kobanga-te	kobanga te	verb	do not fear / do not be afraid (negative imperative)	
kobatela	kobatela	verb	to guard / to protect / to keep watch over	
kobenda-matoi	kobenda matoi	verb	to pull (someone's) ears / to discipline sternly	
kobenda-misisa	kobenda misisa	verb	to stretch / to extend muscle fibres	
kobenda-mopepe	kobenda mopepe	verb	to inhale deeply / to catch one's breath	
kobenga	kobenga	verb	call	
kobeta	kobeta	verb	beat	
kobeta-te	kobeta te	verb	do not beat / don't strike (negative imperative)	
kobete	kobete	verb	to knock	
kobika	kobika	verb	to heal / be saved / survive	
kobowa	kobikisa	verb	to cure / heal	
kobimamakila	kobima makila	verb	bleed	
koboma	koboma	verb	kill	
kobondo	kobondisa	verb	to calm / comfort	
kobonga	kobonga	verb	fit	
kobongisa	kobongisa	verb	arrange	
kobongola	kobongola	verb	change	
sombitinya	kobongola	verb	to exchange / change	
mima	kobongwana motema	verb	to repent / change heart	
kobosana	kobosana	verb	forget	
kobotola	kobotola	verb	confiscate	
kobuka	kobuka	verb	break	
kobunda	kobunda	verb	to fight / to wrestle / to brawl	
nabungise	kobunga nzela	verb	to lose the way	
kobungama	kobungama	verb	to be completely forgotten / to be lost to history	
lorry	kobungisa	noun	to lose	
kobungisa-ntango	kobungisa ntango	verb	to waste time / to loiter pointlessly	
kobuta	kobuta	verb	climb	
kobutwa-te	kobutwa te	verb	do not turn back / don't retreat (negative imperative)	
kobwaka	kobwaka	verb	to throw away / discard	
kobwakitinya	kobwakitinya	verb	to toss around / to shuffle / to scatter back and forth	
kobwama	kobwama	verb	to be thrown away / to lie abandoned	
kobwama-na-mpongi	kobwama na mpongi	verb	to fall into deep sleep / to crash out	
kobyanga	kobyanga	verb	invite	
kodefa	kodefa	verb	borrow	
kodongola	kodongola	verb	to stare wide-eyed / to bulge one's eyes / to glare	
kofandisa	kofandisa	verb	to seat (someone) / to settle (something) down	
kofiba	kofiba	verb	to slurp / to suck in / to absorb liquid	
kofinga	kofinga	verb	insult	
kofinga-te	kofinga te	verb	do not insult (negative imperative)	
kofingela	kofingela	verb	to curse out (targeted)	
kofitola	kofitola	verb	to burst a pimple / to lance a boil / to express pus	
kofitola-nguba	kofitola nguba	verb	to shell peanuts	
kofoti	kofoti	verb	to twitch / to blink rapidly / to flinch	
kofungola	kofungola	verb	to open / unlock	
kofungola-motema	kofungola motema	verb	to open one's heart / to speak openly	
kofungwama	kofungwama	verb	to open up / to be unlocked	
kofutela	kofutela	verb	hire	
kofwama	kofwama	verb	to rot / to be finished (slang)	
kofwamikisa	kofwamikisa	verb	to leave to rot / to neglect to the point of decay	
kofwamisa	kofwamisa	verb	to completely ruin / waste (slang)	
kogwanta	kogwanta	verb	to become hoarse / to lose one's voice	
koka	koka	verb	dry	
kokakola	kokakola	verb	bargain	
tatu	kokamwa	adjective	to be surprised	
kokanga	kokanga	verb	catch	
kokangama	kokangama	verb	to be trapped / to be stuck / to be locked	
kokanisa	kokanisa	verb	to think / ponder	
kokata	kokata	verb	cut	
sesa	kokata	verb	to cut	
kokatalikambo	kokata likambo	noun	decide	
kokatana	kokatana	verb	to crisscross / to be striped / to intersect	
kokatisa	kokatisa	verb	to cross over / to ferry across	
kokauka	kokauka	verb	to dry up completely / to shrivel / to desiccate	
kokende	kokende	verb	go	
kokitinitinya	kokitinitinya	verb	to chop into tiny pieces / to mince / to shred	
kokitisa-motema	kokitisa motema	verb	to calm / to reassure / to ease the heart	
kokoka	kokoka	verb	to be able / to suffice	
yina	kokolisa / kobakisa	verb	to multiply / increase	
kombo	kokomba	verb	to sweep	
kokonza	kokonza	verb	to rule / to reign / to dominate	
kokosa	kokosa	verb	deceive	
kokosa-te	kokosa te	verb	do not lie / don't deceive (negative imperative)	
kokota	kokota	verb	enter	
kokoti	kokoti	noun	coconut	
kokoto	kokoto	noun	smallpox	
kokufa	kokufa	verb	die	
kokunda	kokunda	verb	bury	
kundola	kokundola	verb	to remember	
kokuta	kokuta	verb	find	
kwakweya	kokweya	verb	fall	
kolaka	kolaka	verb	advise	
laka	kolaka	verb	advise	
kolamba	kolamba	verb	to cook / to boil (in liquid)	
kolanda	kolanda	noun	follow	
lata	kolata	verb	to wear / to dress	
latisa	kolatisa	verb	to dress someone	
leka	koleka	verb	to pass / go past	
kolekela	kolekela	verb	to pass through / to bypass	
lekisa	kolekisa	verb	to exceed / to surpass	
kolekisa-ndelo	kolekisa ndelo	verb	to cross the line / to exceed boundaries	
kolela	kolela	verb	complain	
kolela-na-mawa	kolela na mawa	verb	to mourn deeply / to wail in grief	
lembe	kolembe	verb	to be tired	
kolembela	kolembela	verb	to lean heavily on / to depend on (out of exhaustion)	
kolembisa	kolembisa	verb	to soften / to weaken / to loosen	
lenga	kolenga	verb	to shake / tremble	
kolengele	kolengele	verb	to anticipate / to prepare for an arrival / to lay groundwork	
line	kolinga	noun	to love / to like	
kolingana	kolingana	verb	love each other	
kolokoto	kolokota	verb	collect	
kolola	kolola	verb	shave	
kolongola	kolongola	verb	awake	
kolongono	kolongono	verb	health / wellness	
kuta	koluka	verb	to look for	
koma	koma	verb	write	
komata	komata	verb	up	
likombe	komba	noun	broom	
tuna	komela tumbako	verb	to smoke tobacco	
kumba	komema	verb	to carry	
komila	komila	verb	to swallow / to gulp down	
komingota	komingota	verb	to squirm / to wriggle / to twist the body	
komona	komona	verb	to see / to perceive visually	
komona-pasi	komona pasi	verb	to suffer / to experience hardship	
kompani	kompani	noun	company	
kondima	kondima	verb	agree	
kondoke	kondoke	verb	to peek / to peer / to spy a look	
kongenga	kongenga	verb	to shine / to glow / to gleam	
kongo	kongo	noun	congo	
koningisa	koningisa	verb	to shake / to wag / to vibrate	
konyatola	konyatola	verb	to step on / to crush underfoot / to stomp	
kosa	kopangusa	verb	to wipe / rub	
kopanza	kopanza	verb	to scatter / to smash to pieces	
kopanzana	kopanzana	verb	to be scattered / to disperse	
kopasola	kopasola	verb	to rip / tear apart	
kopasola-mpota	kopasola mpota	verb	to lance a wound / to incise an abscess	
kopasuka	kopasuka	verb	to burst / to rupture / to shatter on its own	
kopasuka-na-koseke	kopasuka na koseke	verb	to burst out laughing / to crack up	
kopaswela	kopaswela	verb	to slice open (for someone) / to rip apart on behalf of	
kopekisa	kopekisa	verb	forbid	
kopema	kopema	verb	to breathe / to rest / to take a pause	
kopesa	kopesa	verb	give	
kopwepwa	kopesa bize	verb	to kiss	
kolingisa	kopesa nzela	verb	to allow	
lingenda	kopesa nzela	noun	to allow / give way	
kopesana-mbote	kopesana mbote	verb	to greet each other	
kopitolo	kopitolo	verb	to scrutinize / to inspect intensely / to size up	
kopo	kopo	noun	bowl	
kopono	kopona	verb	choose	
kopimbwa	kopumbwa	verb	jump	
sakana	kosakana	verb	to play / joke	
kosakana-te	kosakana te	verb	do not play / don't mess around (negative imperative)	
kosakola	kosakola	verb	declare	
sakola	kosakola	verb	to declare / proclaim	
mokosa	kosakwa	noun	to itch	
kosala	kosala	verb	do	
salela	kosalela	verb	to use / work for	
kosalisa	kosalisa	verb	help	
salisa	kosalisa	verb	to help	
sambela	kosambela	verb	to pray	
sana	kosana	verb	to play (variant)	
kosangisa-maba	kosangisa maba	verb	to gather palm nut clusters	
kosanza	kosanza	verb	to vomit / to throw up	
koseke	koseke	verb	laugh	
sengasenge	kosenga	verb	to ask / request	
kosepela	kosepela	verb	enjoy	
sepela	kosepela	verb	to be pleased / happy	
kosiba	kosiba	verb	to hang out / chill (slang)	
kosiba-vulgar	kosiba	verb	to fuck / possess sexually (vulgar)	
kosilikisa-te	kosilikisa te	verb	do not upset / don't anger (negative imperative)	
kosilisa	kosilisa	verb	finish	
silisa	kosilisa	verb	to finish	
kosimba	kosimba	verb	hold	
simba	kosimba	verb	to touch / hold	
kosimba-motema	kosimba motema	verb	to touch one's heart / to move someone emotionally	
kosomba	kosomba	verb	buy	
somba	kosomba	verb	to buy	
kosombitinya	kosombitinya	verb	exchange	
kosopa	kosopa	verb	to spill / to pour out	
kosopana	kosopana	verb	to overflow / to leak out completely	
sukisa	kosukisa	verb	to finish off / end	
kosukisa-lisolo	kosukisa lisolo	verb	to wrap up a conversation / to end a debate	
kosola	kosukola	verb	to wash	
sukola	kosukola	verb	to wash	
kosukosu	kosukosu	noun	cough	
kosukula	kosukula	verb	to cough	
kosumba	kosumba	verb	to defecate / take a shit (vulgar)	
kosungila	kosungila	verb	to whisper secrets / to murmur gossip	
kosunza	kosunza	verb	to sag / to droop / to hang low	
kosutuka	kosutuka	verb	to be startled / to flinch / to jump in surprise	
swa	koswa	verb	to bite	
swana	koswana	verb	to quarrel / argue	
koswana-te	koswana te	verb	do not quarrel / don't argue (negative imperative)	
kota	kota	verb	enter	
kotala	kotala	verb	concern	
long	kotala	adjective	to look / to watch	
talatala	kotala	noun	to visit / look	
tanga	kotambola	verb	to walk	
lekaleka	kotambola tambola	verb	to walk about / stroll	
kotandola	kotandola	verb	to unfold / to spread out (cloth, mat)	
kotanga	kotanga	verb	count	
tekisa	koteka	verb	to sell	
tela	kotekisa	verb	to resell / cause to sell	
telemateleme	kotela	verb	to ripen	
televizyo	kotelema	noun	to stand	
kotemisa	kotemisa	verb	to halt / to bring to a standstill / to park	
leave	kotika	verb	to leave / to let	
tikala	kotika	verb	to abandon / leave	
kotika-te	kotika te	verb	do not abandon / don't let go (negative imperative)	
tike	kotikala	noun	to remain / stay	
valizi	kotimola	noun	to dig up	
kotimola-mbala	kotimola mbala	verb	to dig up sweet potatoes / to harvest tubers	
tindela	kotinda	verb	to send	
tindisa	kotindela	verb	to send to (someone)	
tiya	kotindisa	verb	to push	
kotiola	kotiola	verb	to mock / to sneer / to show contempt	
to	kotiya	conjunction	to put / place	
koto	koto	noun	cotton	
tomati	kotoma	noun	to send / dispatch	
kotondisa	kotondisa	verb	fill	
kotondisa	kotondisa	verb	to fill up / saturate	
kotondo	kotondo	verb	to thank / show gratitude	
kotonga	kotonga	verb	build	
sono	kotonga	verb	to sew	
tosa	kotonga	verb	to build	
tough	kotosa	adverb	to obey / respect	
kotubatonga	kotuba tonga	verb	inject	
kotukana	kotukana	verb	to trade insults / to curse at each other	
kotumba	kotumba	verb	burn	
tumbako	kotumba	noun	to burn	
kotumola	kotumola	verb	to provoke / to taunt / to deliberately annoy	
tungisa	kotuna	verb	to ask	
kotuna-te	kotuna te	verb	do not ask (negative imperative)	
tuta	kotungisa	verb	to annoy / trouble	
kotungisa-motema	kotungisa motema	verb	to break someone's heart / to cause deep anxiety	
kotungisa-te	kotungisa te	verb	do not annoy / don't bother (negative imperative)	
kotungisama	kotungisama	verb	to be troubled / to feel deep anxiety	
twa	kotuta	verb	to pound / crush	
umela	kotwa	verb	to spit	
koumela	koumela	verb	delay	
kouta	kouta	verb	from	
v	kouta	verb	to come from	
wa	kovimba	verb	to swell	
wana	kowa	adverb	to die	
wenze	kowela	noun	to hurry / rush	
uta	kowumela	preposition	to delay / take long	
koya	koya	verb	come	
yambo	koyamba	adverb	to receive / welcome	
yanuari	koyanola	noun	to answer	
koyeba	koyeba	verb	know	
yebisa	koyeba	verb	to know	
koyebisa	koyebisa	verb	inform	
yekola	koyebisa	verb	to tell / inform	
koyekola	koyekola	verb	learn	
yela	koyekola	verb	to learn / study	
koyela	koyela	verb	bring	
yemba	koyela	verb	to bring	
yesu	koyemba	noun	to sing	
koyengela	koyengela	verb	to patrol / watch closely	
yika	koyiba	noun	to steal	
koyina	koyina	verb	dislike	
yindo	koyina	adjective	to hate / dislike	
koyoka	koyoka	verb	feel	
lisolo	koyoka	noun	to hear / to listen	
yokana	koyoka	verb	to hear / listen / feel	
yonso	koyokana	adjective	to agree	
koyokela-mawa	koyokela mawa	verb	to feel pity for / to have compassion	
kozala	kozala	verb	be	
kozalana	kozala na	verb	have	
litumu	kozala na bomoi	noun	to live	
zebi	kozanga	noun	to miss / lack	
kozimba	kozimba	verb	to swell up / to bloat (variant of kovimba)	
kozoka	kozoka	verb	hurt	
zoka	kozokisa	verb	to injure / wound	
zonga	kozonga	verb	to return / come back	
kozwa	kozwa	verb	get	
zwa	kozwa	verb	to have / get / receive	
zwana	kozwana	verb	to meet / find one another	
kristo	kristo	noun	christ	
kufa	kufa	noun	death / die	
kuku	kuku	noun	kitchen	
kuluna	kuluna	noun	street gangster / hoodlum / violent gang member	
kuna	kuna	adverb	there	
kutana	kutana	verb	meet	
lai	lai	adjective	high	
lakisa	lakisa	verb	show	
lala	lala	verb	sleep	
lamba	lamba	verb	cook. prepare	
lamuka	lamuka	verb	wake up / rise / get up (also a Congolese political rallying cry)	
landa	landa	verb	follow	
langi	langi	adjective	color	
langi-ya-moyindo	langi ya moyindo	noun	the colour black	
leki	leki	adjective	younger sibling	
lelo	lelo	adverb	today	
li-prefix	li	particle	li- (noun class prefix, round/nested nouns)	
libala	libala	noun	marriage	
libanda	libanda	noun	courtyard / outside	
libela	libele	noun	breast	
libele	libenga	noun	bag	
libenge	liboke	noun	package / bundle (steamed)	
liboke	libongo	noun	beach / port	
nsele	libongo	noun	harbor / port	
liboso	liboso	noun	first / front / before	
liboso	libota	adverb	family	
libeke	libulu	noun	hole	
libulu	libumu	noun	stomach / belly	
libumu	libumu likangani	noun	constipation	
libumulikangani	libwa	noun	nine	
lie	lifungola	verb	key	
lifungola	lifungu	noun	button	
lifungu	lifuta	noun	payment / wage	
lifuti	lifuti	noun	retaliation / revenge / forced kickback	
lightning	likama	noun	danger / accident	
likama	likambo	noun	matter / affair	
likambo-ya-bulubulu	likambo ya bulubulu	noun	a messy situation / chaotic dispute	
likato-mbwa	likato ya mbwa	noun	dog s testicle / absolute zero (vulgar insult)	
likambo	likaya	noun	cigarette / tobacco	
like	likei	conjunction	egg	
likita	likolo	noun	sky / above / on top	
likombo	lilala	noun	orange (fruit)	
lilala	liloba	noun	word	
liloki	limbila	noun	palm tree	
limbila	limfelo	noun	hell	
lingisi	lininisa	noun	window	
lininisa	lino	noun	tooth	
lipa-fwama	lipa fwama	noun	rotten bread / total write-off (insult)	
lipa-golo	lipa golo	noun	stale bread / underestimated person (slang)	
libata	lipeka	adjective	shoulder	
lipela	lisala	noun	field / garden / plantation	
lisala	lisano	noun	entertainment / play	
lisano	lisasi	noun	bullet / cartridge	
liseke	liso	noun	eye	
sumuki	lisumu	noun	sin	
listen	lisusu	verb	again / more	
lisusu	litama	adverb	cheek	
letele	liteya	noun	lesson	
lititi	litoi	noun	ear	
little	litumu	adjective	corner	
living	liwa	noun	death	
liyebisi-lokuta	liyebisi lokuta	noun	fake news / malicious lie (derogatory)	
liyebisi-mpamba	liyebisi mpamba	noun	bullshit / empty news (slang)	
lo-prefix	lo	particle	lo- (noun class prefix, singular abstract/elongated nouns)	
loba	loba	verb	speak / talk (imperative)	
liwa	lobanga	noun	chin / jaw	
lobobo	lobobo	noun	chatter / nonsense talk	
lobanga	loboko	noun	hand / arm	
left	loboko ya mwasi	adjective	left (left hand/side)	
lifuta	lobongo	noun	swamp / marsh	
lofele	lofele	adjective	broke / penniless (slang)	
lofele-mabe	lofele mabe	noun	flat broke and desperate (intensified slang)	
lofelo	lofelo	adjective	flat broke / penniless	
lofendo	lofendo	noun	extreme arrogance / insolence (derogatory)	
lofendo-mabe	lofendo mabe	noun	toxic arrogance (derogatory)	
likaya	lokola	noun	like / as	
loko	lokola	adjective	like / as / similar to	
leg	lokolo	noun	leg / foot	
lokola	lokolo	adverb	foot / leg	
lokuta	lomande	verb	fine (penalty)	
look	lopitalo	verb	hospital	
lot	lotele	noun	hotel	
motende	loyembo	noun	carving / sculpture	
ma-prefix	ma	particle	ma- (noun class prefix, plural)	
be	mabe	adjective	bad	
machete	machete	noun	machete / large blade	
mai-ya-mpondu	mai ya mpondu	noun	dark green / olive (color)	
makala	makango	noun	concubine / mistress	
makasi	makasi	adjective	strong / hard / forceful	
makelele	makelele	noun	noise / racket / shouting	
makango	makila	noun	blood	
lamu	malamu	adjective	good	
maladi	malamu	noun	good / kind	
lehkee	malamu koleka	adjective	better	
malato	malita	noun	cemetery	
malita	mama	noun	mother / lady	
mama-na-yo	mama na yo	interjection	your mother! (severe insult)	
minya	masuba	noun	urine	
manaka	masuwa	noun	boat / ship	
matoi-ganda	matoi ganda	noun	deaf blockhead / dead ears (insult)	
mayele	mayele	noun	intelligence / skill	
mayi-ya-soko	mayi ya soko	noun	anal wetness / filth fluid (vulgar)	
libenga	mbala	noun	potato / sweet potato	
mbangu	mbanzi	adverb	bamboo	
mbele	mbeli	adverb	knife	
mbeli	mbeto	noun	bed	
mbindo	mbindo	adjective	dirty / unclean / soiled	
mbeto	mbisi	noun	fish	
mboloko	mboloko	noun	antelope	
mboto	mboto	noun	corn / maize	
mbwa	mbwa	noun	dog	
mbwi	mbwi	adjective	gray (hair)	
mfioti	mfioti	adjective	small / tiny (street slang)	
mikili	mikili	noun	climate / countries	
mikolominso	mikolo minso	adverb	always	
mikolonyonso	mikolo nyonso	adjective	every day	
mingi	mingi	adjective	many / much / very	
misa	misa	noun	mass (church service)	
miziki	miziki	noun	music	
mobeko	mobeko	noun	law	
mobela	mobela	noun	marsh / swamp	
mobesu	mobesu	adjective	green / unripe	
mobimba	mobimba	pronoun	whole / entire	
mobola	mobola	adjective	poor / a poor person	
mobomimbisi	mobomi-mbisi	noun	fisherman	
lingisa	mobongoli-maloba	verb	interpreter / translator	
mobotisi	mobotisi	noun	midwife	
mobulu	mobulu	adjective	turbulent / troubled	
mofati-mpamba	mofati mpamba	noun	weak hips / physically useless person (slur)	
moindo	moindo	adjective	dark / darkness	
mokanda	mokanda	noun	paper / document / letter	
mokatinsuki	mokati-nsuki	noun	barber	
mokengeli	mokengeli	noun	watchman / guard	
mokengelimwana	mokengeli-mwana	noun	babysitter / child minder	
mokondomokila	mokila	noun	tail	
mokili	mokili	noun	world / country	
mokimeli	mokimeli	noun	refugee	
mokobo	mokobo	noun	paint / pigment	
limit	mokoloto	noun	line / row	
mokoloto	mokoloto	noun	line / queue	
mokoni	mokoni	adjective	disabled / sick person	
mokonzi	mokonzi	noun	chief / boss	
mokonzimobali	mokonzi mobali	noun	king	
mololanda	mokufa-miso	adjective	blind	
kuse	mokuse	adjective	short	
mola	mola	noun	money / cash (Kinshasa slang)	
lomande	molai	noun	long / tall	
sanda	molai	adjective	high / tall	
molako	molako	noun	camp / camping ground	
molangi	molangi	noun	bottle	
molongo	molongo	noun	queue / row / world order	
moluka	moluka	noun	brook / stream	
molunge	molunge	noun	heat	
mombemba	mombemba	noun	frog	
mombongo	mombongo	noun	business / trade	
momeseno	momeseno	noun	custom / habit	
mondele	mondele	noun	white person / European	
mondenge	mondenge	noun	bet / wager	
monene	monene	adjective	big / great	
nene	monene	adjective	big	
monganga	monganga	noun	doctor	
mokangi	mongongo	noun	fly (insect)	
monguna	monguna	noun	enemy	
monili	monini	noun	electricity	
light	monkalali	noun	lightning	
mono-solo	mono solo	noun	stinky asshole (vulgar insult)	
monoko	monoko	noun	mouth / language	
likolo	monzemba	noun	single / unmarried	
mopanzi	mopanzi	noun	side / coast	
mopaya	mopaya	adjective	foreigner / stranger	
mopenzi	mopenzi	noun	side / flank	
sala	mosala	verb	work (variant)	
mosapi	mosapi	noun	finger	
mosika	mosika	adjective	far	
mosolo	mosolo	noun	dowry	
mosombi	mosombi	noun	buyer	
other	mosusu	verb	other / another	
susu	mosusu	adjective	other / another	
motekinyama	moteki-nyama	noun	butcher	
motele	motele	noun	engine / motor	
motengoli-zoba	motengoli zoba	noun	limping idiot / clumsy fool (insult)	
motongindako	motongi-ndako	noun	builder / mason	
moyibi	moyibi	noun	thief / burglar / robber	
moyindo	moyindo	adjective	black / dark (colloquial variant of moindo)	
mpamba	mpamba	adjective	empty	
mpamba-useless	mpamba	adjective	useless / in vain	
mpasi	mpasi	noun	difficulty / suffering	
mpe	mpe	adverb	also / and	
mpema	mpema	noun	air / breath	
mpembe	mpembe	noun	ivory / white	
mpete	mpete	noun	earring / ring	
mpiko	mpiko	noun	courage / endurance / stamina	
mpo	mpo	conjunction	because / for	
mpona	mpo na	preposition	for / in order to	
mpondu	mpondu	noun	cassava leaves (saka-saka)	
mposa	mposa	noun	appetite / desire	
kwire	mposo ya nyama	noun	leather	
leather	mposo ya nyama	noun	leather (hide)	
mpunda	mpunda	noun	donkey / horse	
mputu	mputu	noun	poverty / severe hardship	
mu-pron	mu	pronoun	I / me (regional/archaic, from Kikongo)	
muga	muga	noun	fool / sucker / mark (slang)	
muga-zoba	muga zoba	noun	prime sucker / easy mark (hustler slang)	
munoko-mpamba	munoko mpamba	noun	loudmouth / empty talker (derogatory)	
munoko-solo	munoko solo	noun	stinky mouth / garbage breath (insult)	
mutu-gbagba	mutu gbagba	noun	blockhead / empty head (insult)	
mutu-tufi	mutu tufi	noun	shit-head (vulgar insult)	
mwa-little	mwa	adverb	a little / slightly / a bit of	
mwanaekolo	mwana ekolo	noun	citizen	
mwampata	mwana ya mpata	noun	lamb	
lingato	mwango	noun	walking stick	
mwasi-ya-mamba	mwasi ya mamba	noun	prostitute / sex worker (derogatory)	
mwasi-ya-zando	mwasi ya zando	noun	loud market woman (stereotype slur)	
mokbya	mwasi-mokufeli	noun	widow	
mwaye	mwaye	noun	loose / easy woman (slang derogatory)	
ligbongo	mwinda	noun	light / lamp	
mwinda	mwinda	noun	lamp / light	
na	na	conjunction	and / with	
nabomoi	na bomoi	adjective	alive	
nakati	na kati	preposition	inside	
yoka	na kati	verb	inside	
nalikolo	na likolo	adverb	above / on top	
tribunali	na mpasi	noun	with difficulty	
nanse	na nse	preposition	below / under	
naye	na ye	adjective	his / hers	
naino	naino	adverb	still / yet	
ndakonzambe	ndako-nzambe	noun	church	
ndambo	ndambo	noun	a bit / portion	
ndeko	ndeko	noun	sibling / relative	
ndelo	ndelo	noun	border / limit	
lemon	ndimo	noun	lemon	
ndimo	ndimo	noun	lemon / citrus	
ndoto	ndoto	noun	dream	
ndunda	ndunda	noun	vegetables / greens	
nga-pron	nga	pronoun	me / I (street shorthand for ngai)	
ngai	ngai	pronoun	me / I	
nganda	nganda	noun	bar / hangout	
ngangankisi	nganga-nkisi	noun	traditional healer	
nganganzambe	nganga-nzambe	noun	priest	
ngenge	ngenge	noun	poison	
ngola	ngola	adjective	red	
ngomba	ngomba	noun	hill / mountain	
ngombamoto	ngomba-moto	noun	volcano	
ngombe	ngombe	noun	cow / cattle	
lisasi	ngomolo	noun	horn (of animal)	
ngonga	ngonga	noun	bell / hour	
nguba	nguba	noun	peanut / groundnut	
ngulu	ngulu	noun	pig	
nguma	nguma	noun	boa / large snake	
ngungutu	ngungutu	noun	eggplant	
niama-insult	niama	noun	beast / animal (insult)	
niama-ndako	niama ndako	noun	lazy house beast / domestic idiot (insult)	
nkondoko	niau	noun	cat	
nii-what	nii	pronoun	what? (street shortcut for nini)	
nkalanga	nkalanga	noun	groundnuts / roasted peanuts	
lesson	nkanda	noun	letter (written)	
letter	nkanda	noun	letter	
nkanda	nkanda	noun	anger / wrath	
nkanya	nkanya	noun	fork	
nkinga	nkinga	noun	bicycle	
nkisi	nkisi	noun	medicine / charm	
nkisi-ya-mabele	nkisi ya mabele	noun	traditional remedy / earth medicine	
nkoba	nkoba	noun	tortoise / turtle	
nkoi	nkoi	noun	leopard	
nkoko	nkoko	noun	sugar cane	
nkonko	nkoko	noun	grandparent	
nkolo	nkolo	noun	owner / master	
nkongo	nkongo	noun	hoe	
nkoni	nkoni	noun	firewood	
nkosi	nkosi	noun	lion	
nkoso	nkoso	noun	parrot	
nkulutu	nkulutu	adjective	elder / older sibling	
nkungi	nkungi	noun	mosquito	
noki	noki	adverb	immediately / quickly	
noko	noko	noun	maternal uncle	
nordi	nordi	adjective	north	
nsai	nsai	noun	joy	
nsamba	nsamba	noun	palm wine	
nsambonsamboh	nsambo	adjective	seven (variant entry)	
nsango	nsango	noun	news	
nse	nse	noun	bottom / under	
nsomo	nsomo	adjective	awful / terrifying	
nsongo	nsongo	noun	cassava (uncertain)	
soni	nsoni	adjective	shame	
nsoso	nsoso	noun	chicken	
nsosomwasi	nsoso mwasi	noun	hen	
limfelo	nsuka	noun	limit / end	
nsuka	nsuka	noun	end	
ntaka	ntaka	noun	distance	
ntalomingi	ntalo mingi	adjective	expensive	
mister	ntalo moke	adjective	cheap / low value	
mobobe	ntalo moke	adjective	cheap / inexpensive	
ntoki	ntoki	noun	art / skill	
ntongonyonso	ntongo nyonso	adverb	every morning / daily	
nyama-bamba	nyama bamba	noun	stray beast / low-life animal (insult)	
litama	nyama ya mpoka	noun	wild animal / game	
lunch	nyama ya ngombe	noun	beef	
you	nyonso	pronoun	all / every	
nzala	nzala	noun	hunger	
nzambe	Nzambe	noun	God	
nzela-mbeba	nzela mbeba	noun	path of destruction / criminal lifestyle (derogatory)	
nzela-ya-sima	nzela ya sima	noun	anal sex / "the back door" (vulgar)	
nzinzi	nzinzi	noun	fly (insect)	
nzoto	nzoto	noun	body	
o	o	preposition	at / in (locative)	
ontaka	o ntaka	preposition	between / among	
ogusiti	ogusiti	noun	August	
ou-interj	ou	interjection	yes / yeah (casual, from French oui)	
pamplemousse	pamplemousse	noun	grapefruit	
see	pasi ya lino	noun	toothache	
pasika	pasika	noun	Easter	
paya	paya	noun	visitor / stranger / guest (short form of mopaya)	
pembe	pembe	adjective	white / light-coloured / clean	
pembele	pembele	noun	edge / rim / margin	
pembeni	pembeni	preposition	beside / nearby / next to	
pene	pene	adverb	near / close by	
mbanzi	pene pene	noun	almost / nearly	
lembu	pete	adjective	soft / gentle	
molembu	pete	adjective	easy / soft	
sei	pete	adjective	comfortable / soft	
te	pete	adverb	soft	
peto	peto	adjective	clean / pure / untainted	
phase	phase	noun	scheme / street trick / hustle move	
yikinya	pine	verb	tire / wheel	
pipa	pipa	noun	barrel / drum container	
pitolo	pitolo	noun	kerosene / petrol	
polele	polele	adjective	clear / open	
polisi	polisi	noun	police officer / cop	
poto	poto	noun	Europe / abroad / the West	
pusi	pusi	noun	cat	
putulu	putulu	noun	dust	
puu-ideoph	puu	ideophone	(ideophone) spotlessly white / pure white	
rido	rido	noun	curtain	
n	rumatisimo	noun	rheumatism	
sa	sa	noun	watch / hour	
sabala	sabala	noun	Saturday	
saboni	saboni	noun	soap	
saki	saki	noun	sack / bag	
sambo	sambo	adjective	seven (variant)	
sanduku	sanduku	noun	box / chest	
sango	sango	noun	priest / news	
sani	sani	noun	plate / dish	
lovely	sanse	adverb	luck / chance	
sapato	sapato	noun	shoes / slippers	
sapele	sapele	noun	rosary	
se	se	adjective	same / only	
sefu	sefu	noun	chief / boss	
sekulo	sekulo	noun	century	
semba	sembo	adjective	straight / direct / honest	
samba	sembo / solo	adjective	correct / true	
semeki	semeki	noun	in-law / brother or sister-in-law	
semisi	semisi	noun	shirt	
sengele	sengeli	verb	must / ought	
septembere	setembele	noun	September	
shege	shege	noun	street child / homeless youth / pickpocket	
sika	sika	adjective	new	
sima	sima	preposition	after / behind	
sinema	sinema	noun	cinema / movies	
singa	singa	noun	line / string / rope	
sinzili	sinzili	noun	watchman / guard	
soda	soda	noun	soldier	
sofele	sofele	noun	driver / chauffeur	
soka	soka	noun	axe	
soki	soki	conjunction	if / when	
soko	soko	adverb	about / approximately	
solo	solo	adjective	truth / really	
songi-songi	songi-songi	noun	malicious gossip / backbiting (derogatory)	
soni-te	soni te	adjective	shameless person / brazen degenerate (derogatory)	
soseti	soseti	noun	sock	
sudi	sudi	adjective	south	
sukali	sukali	noun	sugar	
suku	suku	noun	room	
supu	supu	noun	soup	
tala	taba	verb	goat	
tala	tala	verb	look / watch (imperative)	
tambola	talatala	verb	mirror	
house	tana	verb	shine	
tane	tane	adjective	yellow / pale brown / amber	
tatankoko	tata	noun	father	
tatabana	tata nkoko	verb	grandfather	
tee	te	conjunction	no / not	
ti	televizyo	noun	television	
tekateke	tii	verb	until / till	
tika	tika	verb	stop / leave / abandon (imperative)	
tinda	tike	verb	ticket	
to-particle	to	particle	or (conjunction) / we (first-person plural prefix)	
toma	to-	verb	we (subject prefix)	
tonda	tomati	verb	tomato	
ngala	tour	noun	tower / fortress	
tumba	tribunali	verb	court / tribunal	
tshika	tshika	verb	to leave / to let / to abandon (regional variant of tika)	
tshobo	tshobo	noun	nutmeg / panna (in football)	
tu-adv	tu	adverb	all / completely (street short form of nyonso/tuku)	
tufi	tufi	noun	shit / crap (vulgar expletive)	
tufi-ya-mbwa	tufi ya mbwa	noun	dog shit (vulgar insult)	
velo	vatiri	noun	car	
vimba	velo	verb	bicycle	
wa-prep	wa	particle	of (archaic/regional genitive)	
wapi	wana	adverb	there / that one	
wela	wapi	verb	where	
wolo	wenze	noun	small market	
ya	wolo	verb	gold	
ya-particle	ya	particle	of (genitive / connective particle)	
yansuka	ya motuya	adjective	dear / precious	
yamba	ya nsuka	verb	last / final	
yaa-elder	yaa	noun	elder sibling / boss (respectful street address)	
yaka	yaka	verb	come (imperative)	
yango	yambo	pronoun	first / before	
yangomei	yango	pronoun	it / that	
yanola	yango moko	verb	itself	
yaya	yanuari	adjective	January	
ye	yaya	pronoun	elder sibling	
yemoko	ye	pronoun	him / her	
yeba	ye moko	verb	himself / herself	
yezu	Yesu	noun	Jesus	
yiba	Yezu	verb	Jesus (variant)	
yo	yindo	pronoun	black / dark	
yoh	yo	preposition	you (singular)	
yuli	yo moko	noun	yourself	
yoka	yoka	verb	listen / hear (imperative)	
yuni	yuli	noun	July	
yuma	yuma	noun	coward / wimp (derogatory)	
yuma-mabe	yuma mabe	noun	treacherous coward / spineless snake (insult)	
zabolo	yuni	noun	June	
zabolozabulu	zabolo	noun	devil	
zambi	zamba	noun	forest / bush	
zambi	zambi	conjunction	because (archaic form of mpo)	
zanga	zando	verb	market	
zelo	zelo	noun	sand	
zemi	zemi	noun	pregnancy	
zito	zito	adjective	heavy	
zoba	zoba	noun	idiot / fool	
zoba-mabe	zoba mabe	noun	absolute fool / malicious idiot (insult)	
zola	zola	noun	cheap moonshine / neighborhood liquor (slang)	
zolo-ya-libolo	zolo ya libolo	noun	"vagina-nose" — severe shock-insult	
zolongano	zolongano	noun	circle / round shape	
zongazonga	zongazonga	preposition	around	
zuwa	zuwa	noun	jealousy	
zwa	zwa	verb	take / receive / find (imperative)	
